companyName,website,contactName,role,email,LinkedIn,segment,source,chatbotType,likelyPain,offer,outreachStatus,lastContacted,nextFollowUp,notes,demoStatus,betaStatus,paidStatus
Yellow.ai,https://yellow.ai,,"Relevant founder, partnerships, product, or security leader",,,AI_CHATBOT_AGENCY,Public company website; contact and current AI use must be verified,Enterprise conversational AI,Prompt injection and client reporting,Free authorized audit plus agency partner review,RESEARCHED,,,LEAD-001; DEMO_PRIORITY; BETA_PRIORITY; Do not contact until person and fit are verified,NOT_BOOKED,NOT_INVITED,NOT_PAID
Haptik,https://www.haptik.ai,,"Relevant founder, partnerships, product, or security leader",,,AI_CHATBOT_AGENCY,Public company website; contact and current AI use must be verified,Conversational AI and WhatsApp automation,Client chatbot risk and white-label evidence,Free authorized audit plus agency partner review,RESEARCHED,,,LEAD-002; DEMO_PRIORITY; BETA_PRIORITY; Do not contact until person and fit are verified,NOT_BOOKED,NOT_INVITED,NOT_PAID
Gupshup,https://www.gupshup.io,,"Relevant founder, partnerships, product, or security leader",,,AI_CHATBOT_AGENCY,Public company website; contact and current AI use must be verified,Conversational engagement platform,Multi-client guardrails and reporting,Agency security add-on discussion,RESEARCHED,,,LEAD-003; DEMO_PRIORITY; BETA_PRIORITY; Do not contact until person and fit are verified,NOT_BOOKED,NOT_INVITED,NOT_PAID
Verloop.io,https://verloop.io,,"Relevant founder, partnerships, product, or security leader",,,AI_CHATBOT_AGENCY,Public company website; contact and current AI use must be verified,Customer support automation,Unsafe responses and sensitive-data handling,Free chatbot security audit,RESEARCHED,,,LEAD-004; DEMO_PRIORITY; BETA_PRIORITY; Do not contact until person and fit are verified,NOT_BOOKED,NOT_INVITED,NOT_PAID
WotNot,https://wotnot.io,,"Relevant founder, partnerships, product, or security leader",,,AI_CHATBOT_AGENCY,Public company website; contact and current AI use must be verified,No-code chatbot platform,Reusable security layer for client deployments,White-label security report demo,RESEARCHED,,,LEAD-005; DEMO_PRIORITY; BETA_PRIORITY; Do not contact until person and fit are verified,NOT_BOOKED,NOT_INVITED,NOT_PAID
Kommunicate,https://www.kommunicate.io,,"Relevant founder, partnerships, product, or security leader",,,AI_CHATBOT_AGENCY,Public company website; contact and current AI use must be verified,AI customer support chatbot platform,Prompt injection and customer-data exposure,Free authorized audit,RESEARCHED,,,LEAD-006; DEMO_PRIORITY; Do not contact until person and fit are verified,NOT_BOOKED,NOT_INVITED,NOT_PAID
Engati,https://www.engati.com,,"Relevant founder, partnerships, product, or security leader",,,AI_CHATBOT_AGENCY,Public company website; contact and current AI use must be verified,Conversational AI platform,Cross-channel security evidence,Agency partner program,RESEARCHED,,,LEAD-007; DEMO_PRIORITY; Do not contact until person and fit are verified,NOT_BOOKED,NOT_INVITED,NOT_PAID
LimeChat,https://limechat.ai,,"Relevant founder, partnerships, product, or security leader",,,AI_CHATBOT_AGENCY,Public company website; contact and current AI use must be verified,Commerce conversational AI,PII leakage and unsafe commerce responses,Free ecommerce chatbot audit,RESEARCHED,,,LEAD-008; DEMO_PRIORITY; Do not contact until person and fit are verified,NOT_BOOKED,NOT_INVITED,NOT_PAID
CoRover,https://corover.ai,,"Relevant founder, partnerships, product, or security leader",,,AI_CHATBOT_AGENCY,Public company website; contact and current AI use must be verified,Conversational and generative AI platform,Public-sector and enterprise audit evidence,Scoped enterprise security review,RESEARCHED,,,LEAD-009; DEMO_PRIORITY; Do not contact until person and fit are verified,NOT_BOOKED,NOT_INVITED,NOT_PAID
Senseforth.ai,https://www.senseforth.ai,,"Relevant founder, partnerships, product, or security leader",,,AI_CHATBOT_AGENCY,Public company website; contact and current AI use must be verified,Enterprise conversational AI,Continuous risk monitoring and reports,14-day pilot discussion,RESEARCHED,,,LEAD-010; DEMO_PRIORITY; Do not contact until person and fit are verified,NOT_BOOKED,NOT_INVITED,NOT_PAID
Convin,https://convin.ai,,"Relevant founder, partnerships, product, or security leader",,,AI_CHATBOT_AGENCY,Public company website; contact and current AI use must be verified,Conversation intelligence and AI agents,Sensitive conversation controls,Free authorized workflow audit,RESEARCHED,,,LEAD-011; Do not contact until person and fit are verified,NOT_BOOKED,NOT_INVITED,NOT_PAID
Gnani.ai,https://www.gnani.ai,,"Relevant founder, partnerships, product, or security leader",,,AI_CHATBOT_AGENCY,Public company website; contact and current AI use must be verified,Voice and conversational AI,PII handling and unsafe response monitoring,Free voice/chat workflow review,RESEARCHED,,,LEAD-012; Do not contact until person and fit are verified,NOT_BOOKED,NOT_INVITED,NOT_PAID
Skit.ai,https://skit.ai,,"Relevant founder, partnerships, product, or security leader",,,AI_CHATBOT_AGENCY,Public company website; contact and current AI use must be verified,Voice AI for contact centers,Prompt and data leakage controls,Enterprise pilot discussion,RESEARCHED,,,LEAD-013; Do not contact until person and fit are verified,NOT_BOOKED,NOT_INVITED,NOT_PAID
Uniphore,https://www.uniphore.com,,"Relevant founder, partnerships, product, or security leader",,,AI_CHATBOT_AGENCY,Public company website; contact and current AI use must be verified,Enterprise conversational AI,Audit logs and security integrations,Enterprise pilot discussion,RESEARCHED,,,LEAD-014; Do not contact until person and fit are verified,NOT_BOOKED,NOT_INVITED,NOT_PAID
Exotel,https://exotel.com,,"Relevant founder, partnerships, product, or security leader",,,AI_CHATBOT_AGENCY,Public company website; contact and current AI use must be verified,Customer communication platform,AI interaction monitoring and evidence,Partner security review,RESEARCHED,,,LEAD-015; Do not contact until person and fit are verified,NOT_BOOKED,NOT_INVITED,NOT_PAID
Ozonetel,https://ozonetel.com,,"Relevant founder, partnerships, product, or security leader",,,AI_CHATBOT_AGENCY,Public company website; contact and current AI use must be verified,Cloud contact center AI,Unsafe output and PII leakage,Free authorized audit,RESEARCHED,,,LEAD-016; Do not contact until person and fit are verified,NOT_BOOKED,NOT_INVITED,NOT_PAID
MyOperator,https://myoperator.com,,"Relevant founder, partnerships, product, or security leader",,,AI_CHATBOT_AGENCY,Public company website; contact and current AI use must be verified,Business communication automation,SME chatbot security add-on,Agency partner discussion,RESEARCHED,,,LEAD-017; Do not contact until person and fit are verified,NOT_BOOKED,NOT_INVITED,NOT_PAID
Gallabox,https://gallabox.com,,"Relevant founder, partnerships, product, or security leader",,,AI_CHATBOT_AGENCY,Public company website; contact and current AI use must be verified,WhatsApp automation,Privacy and prompt injection controls,Done-for-you security setup,RESEARCHED,,,LEAD-018; Do not contact until person and fit are verified,NOT_BOOKED,NOT_INVITED,NOT_PAID
Interakt,https://www.interakt.shop,,"Relevant founder, partnerships, product, or security leader",,,AI_CHATBOT_AGENCY,Public company website; contact and current AI use must be verified,WhatsApp commerce platform,Customer data and automated response risk,Free authorized audit,RESEARCHED,,,LEAD-019; Do not contact until person and fit are verified,NOT_BOOKED,NOT_INVITED,NOT_PAID
AiSensy,https://aisensy.com,,"Relevant founder, partnerships, product, or security leader",,,AI_CHATBOT_AGENCY,Public company website; contact and current AI use must be verified,WhatsApp engagement platform,Client security reporting and badge,Agency partner discussion,RESEARCHED,,,LEAD-020; Do not contact until person and fit are verified,NOT_BOOKED,NOT_INVITED,NOT_PAID
Contextual AI,https://contextual.ai,,"Relevant founder, partnerships, product, or security leader",,,RAG_CHATBOT_BUILDER,Public company website; contact and current AI use must be verified,Enterprise RAG agents,Private document leakage and grounding,RAG security review,RESEARCHED,,,LEAD-021; Do not contact until person and fit are verified,NOT_BOOKED,NOT_INVITED,NOT_PAID
Vectara,https://www.vectara.com,,"Relevant founder, partnerships, product, or security leader",,,RAG_CHATBOT_BUILDER,Public company website; contact and current AI use must be verified,RAG platform,Retrieval isolation and output monitoring,RAG security review,RESEARCHED,,,LEAD-022; Do not contact until person and fit are verified,NOT_BOOKED,NOT_INVITED,NOT_PAID
LlamaIndex,https://www.llamaindex.ai,,"Relevant founder, partnerships, product, or security leader",,,RAG_CHATBOT_BUILDER,Public company website; contact and current AI use must be verified,Data framework for agents and RAG,Indirect prompt injection in documents,Developer security integration review,RESEARCHED,,,LEAD-023; Do not contact until person and fit are verified,NOT_BOOKED,NOT_INVITED,NOT_PAID
LangChain,https://www.langchain.com,,"Relevant founder, partnerships, product, or security leader",,,RAG_CHATBOT_BUILDER,Public company website; contact and current AI use must be verified,Agent and LLM application platform,Agent prompt injection and observability,Guard integration discussion,RESEARCHED,,,LEAD-024; Do not contact until person and fit are verified,NOT_BOOKED,NOT_INVITED,NOT_PAID
Pinecone,https://www.pinecone.io,,"Relevant founder, partnerships, product, or security leader",,,RAG_CHATBOT_BUILDER,Public company website; contact and current AI use must be verified,Vector database,Tenant isolation and retrieval controls,RAG security partnership discussion,RESEARCHED,,,LEAD-025; Do not contact until person and fit are verified,NOT_BOOKED,NOT_INVITED,NOT_PAID
Weaviate,https://weaviate.io,,"Relevant founder, partnerships, product, or security leader",,,RAG_CHATBOT_BUILDER,Public company website; contact and current AI use must be verified,Vector database and AI platform,ACL-aware retrieval and document threats,RAG security review,RESEARCHED,,,LEAD-026; Do not contact until person and fit are verified,NOT_BOOKED,NOT_INVITED,NOT_PAID
Qdrant,https://qdrant.tech,,"Relevant founder, partnerships, product, or security leader",,,RAG_CHATBOT_BUILDER,Public company website; contact and current AI use must be verified,Vector database,Namespace isolation and safe retrieval,RAG security integration review,RESEARCHED,,,LEAD-027; Do not contact until person and fit are verified,NOT_BOOKED,NOT_INVITED,NOT_PAID
Zilliz,https://zilliz.com,,"Relevant founder, partnerships, product, or security leader",,,RAG_CHATBOT_BUILDER,Public company website; contact and current AI use must be verified,Vector database platform,Multi-tenant retrieval risk,RAG security integration review,RESEARCHED,,,LEAD-028; Do not contact until person and fit are verified,NOT_BOOKED,NOT_INVITED,NOT_PAID
deepset,https://www.deepset.ai,,"Relevant founder, partnerships, product, or security leader",,,RAG_CHATBOT_BUILDER,Public company website; contact and current AI use must be verified,Enterprise AI and RAG platform,Document injection and grounding evidence,Free authorized RAG review,RESEARCHED,,,LEAD-029; Do not contact until person and fit are verified,NOT_BOOKED,NOT_INVITED,NOT_PAID
Unstructured,https://unstructured.io,,"Relevant founder, partnerships, product, or security leader",,,RAG_CHATBOT_BUILDER,Public company website; contact and current AI use must be verified,Document ingestion for AI,Malicious document and OCR risk,Document sandboxing review,RESEARCHED,,,LEAD-030; Do not contact until person and fit are verified,NOT_BOOKED,NOT_INVITED,NOT_PAID
Glean,https://www.glean.com,,"Relevant founder, partnerships, product, or security leader",,,RAG_CHATBOT_BUILDER,Public company website; contact and current AI use must be verified,Enterprise search and assistants,Private knowledge leakage controls,Enterprise security pilot,RESEARCHED,,,LEAD-031; Do not contact until person and fit are verified,NOT_BOOKED,NOT_INVITED,NOT_PAID
Dust,https://dust.tt,,"Relevant founder, partnerships, product, or security leader",,,RAG_CHATBOT_BUILDER,Public company website; contact and current AI use must be verified,Enterprise AI assistants,Workspace data exposure and auditability,Enterprise assistant review,RESEARCHED,,,LEAD-032; Do not contact until person and fit are verified,NOT_BOOKED,NOT_INVITED,NOT_PAID
Guru,https://www.getguru.com,,"Relevant founder, partnerships, product, or security leader",,,RAG_CHATBOT_BUILDER,Public company website; contact and current AI use must be verified,Enterprise knowledge platform,Grounding and private content exposure,RAG security review,RESEARCHED,,,LEAD-033; Do not contact until person and fit are verified,NOT_BOOKED,NOT_INVITED,NOT_PAID
Hebbia,https://www.hebbia.ai,,"Relevant founder, partnerships, product, or security leader",,,RAG_CHATBOT_BUILDER,Public company website; contact and current AI use must be verified,AI document analysis,Sensitive document leakage and evidence,Enterprise pilot discussion,RESEARCHED,,,LEAD-034; Do not contact until person and fit are verified,NOT_BOOKED,NOT_INVITED,NOT_PAID
Kapa.ai,https://www.kapa.ai,,"Relevant founder, partnerships, product, or security leader",,,RAG_CHATBOT_BUILDER,Public company website; contact and current AI use must be verified,Developer support AI,Documentation injection and safe outputs,Free authorized chatbot audit,RESEARCHED,,,LEAD-035; Do not contact until person and fit are verified,NOT_BOOKED,NOT_INVITED,NOT_PAID
Mendable,https://www.mendable.ai,,"Relevant founder, partnerships, product, or security leader",,,RAG_CHATBOT_BUILDER,Public company website; contact and current AI use must be verified,Documentation chatbots,Indirect prompt injection and citations,Free RAG chatbot audit,RESEARCHED,,,LEAD-036; Do not contact until person and fit are verified,NOT_BOOKED,NOT_INVITED,NOT_PAID
DocsBot AI,https://docsbot.ai,,"Relevant founder, partnerships, product, or security leader",,,RAG_CHATBOT_BUILDER,Public company website; contact and current AI use must be verified,Custom documentation chatbots,Private source leakage and unsafe answers,Free authorized RAG audit,RESEARCHED,,,LEAD-037; Do not contact until person and fit are verified,NOT_BOOKED,NOT_INVITED,NOT_PAID
Chatbase,https://www.chatbase.co,,"Relevant founder, partnerships, product, or security leader",,,RAG_CHATBOT_BUILDER,Public company website; contact and current AI use must be verified,Custom AI chatbot builder,Document leakage and prompt injection,Free authorized chatbot audit,RESEARCHED,,,LEAD-038; Do not contact until person and fit are verified,NOT_BOOKED,NOT_INVITED,NOT_PAID
CustomGPT.ai,https://customgpt.ai,,"Relevant founder, partnerships, product, or security leader",,,RAG_CHATBOT_BUILDER,Public company website; contact and current AI use must be verified,Business RAG agents,Grounding and private data controls,RAG security review,RESEARCHED,,,LEAD-039; Do not contact until person and fit are verified,NOT_BOOKED,NOT_INVITED,NOT_PAID
Stack AI,https://www.stack-ai.com,,"Relevant founder, partnerships, product, or security leader",,,RAG_CHATBOT_BUILDER,Public company website; contact and current AI use must be verified,Enterprise AI workflow platform,Agent workflow and data leakage risk,Enterprise pilot discussion,RESEARCHED,,,LEAD-040; Do not contact until person and fit are verified,NOT_BOOKED,NOT_INVITED,NOT_PAID
Freshworks,https://www.freshworks.com,,"Relevant founder, partnerships, product, or security leader",,,SMALL_SAAS_FOUNDER,Public company website; contact and current AI use must be verified,AI customer support software,Customer support prompt and data risk,Free security scan plus integration trial,RESEARCHED,,,LEAD-041; Do not contact until person and fit are verified,NOT_BOOKED,NOT_INVITED,NOT_PAID
Zoho,https://www.zoho.com,,"Relevant founder, partnerships, product, or security leader",,,SMALL_SAAS_FOUNDER,Public company website; contact and current AI use must be verified,Business SaaS with AI assistants,Cross-product AI security evidence,Scoped enterprise pilot,RESEARCHED,,,LEAD-042; Do not contact until person and fit are verified,NOT_BOOKED,NOT_INVITED,NOT_PAID
Chargebee,https://www.chargebee.com,,"Relevant founder, partnerships, product, or security leader",,,SMALL_SAAS_FOUNDER,Public company website; contact and current AI use must be verified,Subscription management SaaS,Support assistant data exposure,Free security scan,RESEARCHED,,,LEAD-043; Do not contact until person and fit are verified,NOT_BOOKED,NOT_INVITED,NOT_PAID
BrowserStack,https://www.browserstack.com,,"Relevant founder, partnerships, product, or security leader",,,SMALL_SAAS_FOUNDER,Public company website; contact and current AI use must be verified,Developer testing SaaS,User-facing AI support safety,Free security scan,RESEARCHED,,,LEAD-044; Do not contact until person and fit are verified,NOT_BOOKED,NOT_INVITED,NOT_PAID
Postman,https://www.postman.com,,"Relevant founder, partnerships, product, or security leader",,,SMALL_SAAS_FOUNDER,Public company website; contact and current AI use must be verified,API collaboration platform,AI assistant prompt and secret leakage,Free authorized workflow audit,RESEARCHED,,,LEAD-045; Do not contact until person and fit are verified,NOT_BOOKED,NOT_INVITED,NOT_PAID
Whatfix,https://whatfix.com,,"Relevant founder, partnerships, product, or security leader",,,SMALL_SAAS_FOUNDER,Public company website; contact and current AI use must be verified,Digital adoption platform,Enterprise assistant output safety,Enterprise pilot discussion,RESEARCHED,,,LEAD-046; Do not contact until person and fit are verified,NOT_BOOKED,NOT_INVITED,NOT_PAID
CleverTap,https://clevertap.com,,"Relevant founder, partnerships, product, or security leader",,,SMALL_SAAS_FOUNDER,Public company website; contact and current AI use must be verified,Customer engagement SaaS,Customer data exposure in AI workflows,Free security scan,RESEARCHED,,,LEAD-047; Do not contact until person and fit are verified,NOT_BOOKED,NOT_INVITED,NOT_PAID
MoEngage,https://www.moengage.com,,"Relevant founder, partnerships, product, or security leader",,,SMALL_SAAS_FOUNDER,Public company website; contact and current AI use must be verified,Customer engagement platform,AI personalization data controls,Free security scan,RESEARCHED,,,LEAD-048; Do not contact until person and fit are verified,NOT_BOOKED,NOT_INVITED,NOT_PAID
WebEngage,https://webengage.com,,"Relevant founder, partnerships, product, or security leader",,,SMALL_SAAS_FOUNDER,Public company website; contact and current AI use must be verified,Retention marketing SaaS,AI workflow privacy and monitoring,Free security scan,RESEARCHED,,,LEAD-049; Do not contact until person and fit are verified,NOT_BOOKED,NOT_INVITED,NOT_PAID
LeadSquared,https://www.leadsquared.com,,"Relevant founder, partnerships, product, or security leader",,,SMALL_SAAS_FOUNDER,Public company website; contact and current AI use must be verified,Sales and marketing SaaS,Sensitive lead data in AI assistants,Free authorized audit,RESEARCHED,,,LEAD-050; Do not contact until person and fit are verified,NOT_BOOKED,NOT_INVITED,NOT_PAID
Darwinbox,https://darwinbox.com,,"Relevant founder, partnerships, product, or security leader",,,SMALL_SAAS_FOUNDER,Public company website; contact and current AI use must be verified,HR SaaS,Employee PII exposure in AI workflows,Enterprise pilot discussion,RESEARCHED,,,LEAD-051; Do not contact until person and fit are verified,NOT_BOOKED,NOT_INVITED,NOT_PAID
Keka,https://www.keka.com,,"Relevant founder, partnerships, product, or security leader",,,SMALL_SAAS_FOUNDER,Public company website; contact and current AI use must be verified,HR and payroll SaaS,Employee data leakage risk,Free authorized audit,RESEARCHED,,,LEAD-052; Do not contact until person and fit are verified,NOT_BOOKED,NOT_INVITED,NOT_PAID
Kissflow,https://kissflow.com,,"Relevant founder, partnerships, product, or security leader",,,SMALL_SAAS_FOUNDER,Public company website; contact and current AI use must be verified,Workflow automation SaaS,Agent workflow prompt injection,Free security scan,RESEARCHED,,,LEAD-053; Do not contact until person and fit are verified,NOT_BOOKED,NOT_INVITED,NOT_PAID
Wingify,https://wingify.com,,"Relevant founder, partnerships, product, or security leader",,,SMALL_SAAS_FOUNDER,Public company website; contact and current AI use must be verified,Experience optimization SaaS,AI support and customer data risk,Free security scan,RESEARCHED,,,LEAD-054; Do not contact until person and fit are verified,NOT_BOOKED,NOT_INVITED,NOT_PAID
LambdaTest,https://www.lambdatest.com,,"Relevant founder, partnerships, product, or security leader",,,SMALL_SAAS_FOUNDER,Public company website; contact and current AI use must be verified,Cloud testing SaaS,AI assistant secret leakage,Free authorized audit,RESEARCHED,,,LEAD-055; Do not contact until person and fit are verified,NOT_BOOKED,NOT_INVITED,NOT_PAID
Rocketlane,https://www.rocketlane.com,,"Relevant founder, partnerships, product, or security leader",,,SMALL_SAAS_FOUNDER,Public company website; contact and current AI use must be verified,Customer onboarding SaaS,Customer workspace AI data controls,Free security scan,RESEARCHED,,,LEAD-056; Do not contact until person and fit are verified,NOT_BOOKED,NOT_INVITED,NOT_PAID
Sprinto,https://sprinto.com,,"Relevant founder, partnerships, product, or security leader",,,SMALL_SAAS_FOUNDER,Public company website; contact and current AI use must be verified,Compliance automation SaaS,Trust evidence for AI features,Free security scan,RESEARCHED,,,LEAD-057; Do not contact until person and fit are verified,NOT_BOOKED,NOT_INVITED,NOT_PAID
Facilio,https://facilio.com,,"Relevant founder, partnerships, product, or security leader",,,SMALL_SAAS_FOUNDER,Public company website; contact and current AI use must be verified,Property operations SaaS,Operational assistant safety,Free authorized audit,RESEARCHED,,,LEAD-058; Do not contact until person and fit are verified,NOT_BOOKED,NOT_INVITED,NOT_PAID
Capillary Technologies,https://www.capillarytech.com,,"Relevant founder, partnerships, product, or security leader",,,SMALL_SAAS_FOUNDER,Public company website; contact and current AI use must be verified,Loyalty and customer engagement SaaS,Customer PII controls in AI workflows,Enterprise pilot discussion,RESEARCHED,,,LEAD-059; Do not contact until person and fit are verified,NOT_BOOKED,NOT_INVITED,NOT_PAID
Vymo,https://vymo.com,,"Relevant founder, partnerships, product, or security leader",,,SMALL_SAAS_FOUNDER,Public company website; contact and current AI use must be verified,Sales engagement SaaS,Financial-services AI data exposure,Enterprise pilot discussion,RESEARCHED,,,LEAD-060; Do not contact until person and fit are verified,NOT_BOOKED,NOT_INVITED,NOT_PAID
boAt,https://www.boat-lifestyle.com,,"Relevant founder, partnerships, product, or security leader",,,WORDPRESS_WOOCOMMERCE_PROSPECT,Public company website; contact and current AI use must be verified,Ecommerce support; stack verification required,Customer support privacy and unsafe answers,Done-for-you chatbot security setup,RESEARCHED,,,LEAD-061; Do not contact until person and fit are verified,NOT_BOOKED,NOT_INVITED,NOT_PAID
Mamaearth,https://mamaearth.in,,"Relevant founder, partnerships, product, or security leader",,,WORDPRESS_WOOCOMMERCE_PROSPECT,Public company website; contact and current AI use must be verified,Ecommerce support; stack verification required,Customer PII and product advice risk,Done-for-you chatbot security setup,RESEARCHED,,,LEAD-062; Do not contact until person and fit are verified,NOT_BOOKED,NOT_INVITED,NOT_PAID
The Man Company,https://www.themancompany.com,,"Relevant founder, partnerships, product, or security leader",,,WORDPRESS_WOOCOMMERCE_PROSPECT,Public company website; contact and current AI use must be verified,Ecommerce support; stack verification required,Non-technical chatbot security operations,Free website chatbot audit,RESEARCHED,,,LEAD-063; Do not contact until person and fit are verified,NOT_BOOKED,NOT_INVITED,NOT_PAID
WOW Skin Science,https://www.buywow.in,,"Relevant founder, partnerships, product, or security leader",,,WORDPRESS_WOOCOMMERCE_PROSPECT,Public company website; contact and current AI use must be verified,Ecommerce support; stack verification required,Customer privacy and unsafe advice,Free website chatbot audit,RESEARCHED,,,LEAD-064; Do not contact until person and fit are verified,NOT_BOOKED,NOT_INVITED,NOT_PAID
SUGAR Cosmetics,https://in.sugarcosmetics.com,,"Relevant founder, partnerships, product, or security leader",,,WORDPRESS_WOOCOMMERCE_PROSPECT,Public company website; contact and current AI use must be verified,Ecommerce support; stack verification required,PII leakage and support response risk,Done-for-you chatbot security setup,RESEARCHED,,,LEAD-065; Do not contact until person and fit are verified,NOT_BOOKED,NOT_INVITED,NOT_PAID
Plum,https://plumgoodness.com,,"Relevant founder, partnerships, product, or security leader",,,WORDPRESS_WOOCOMMERCE_PROSPECT,Public company website; contact and current AI use must be verified,Ecommerce support; stack verification required,Customer privacy and product advice,Free website chatbot audit,RESEARCHED,,,LEAD-066; Do not contact until person and fit are verified,NOT_BOOKED,NOT_INVITED,NOT_PAID
Minimalist,https://beminimalist.co,,"Relevant founder, partnerships, product, or security leader",,,WORDPRESS_WOOCOMMERCE_PROSPECT,Public company website; contact and current AI use must be verified,Ecommerce support; stack verification required,Sensitive support conversations,Free website chatbot audit,RESEARCHED,,,LEAD-067; Do not contact until person and fit are verified,NOT_BOOKED,NOT_INVITED,NOT_PAID
Blue Tokai Coffee Roasters,https://bluetokaicoffee.com,,"Relevant founder, partnerships, product, or security leader",,,WORDPRESS_WOOCOMMERCE_PROSPECT,Public company website; contact and current AI use must be verified,Ecommerce support; stack verification required,Order data and support chatbot safety,Done-for-you chatbot security setup,RESEARCHED,,,LEAD-068; Do not contact until person and fit are verified,NOT_BOOKED,NOT_INVITED,NOT_PAID
Sleepy Owl Coffee,https://sleepyowl.co,,"Relevant founder, partnerships, product, or security leader",,,WORDPRESS_WOOCOMMERCE_PROSPECT,Public company website; contact and current AI use must be verified,Ecommerce support; stack verification required,Order support privacy,Free website chatbot audit,RESEARCHED,,,LEAD-069; Do not contact until person and fit are verified,NOT_BOOKED,NOT_INVITED,NOT_PAID
Bombay Shaving Company,https://bombayshavingcompany.com,,"Relevant founder, partnerships, product, or security leader",,,WORDPRESS_WOOCOMMERCE_PROSPECT,Public company website; contact and current AI use must be verified,Ecommerce support; stack verification required,Customer data and automated advice,Free website chatbot audit,RESEARCHED,,,LEAD-070; Do not contact until person and fit are verified,NOT_BOOKED,NOT_INVITED,NOT_PAID
mCaffeine,https://www.mcaffeine.com,,"Relevant founder, partnerships, product, or security leader",,,WORDPRESS_WOOCOMMERCE_PROSPECT,Public company website; contact and current AI use must be verified,Ecommerce support; stack verification required,Customer privacy and unsafe output,Done-for-you chatbot security setup,RESEARCHED,,,LEAD-071; Do not contact until person and fit are verified,NOT_BOOKED,NOT_INVITED,NOT_PAID
Lenskart,https://www.lenskart.com,,"Relevant founder, partnerships, product, or security leader",,,WORDPRESS_WOOCOMMERCE_PROSPECT,Public company website; contact and current AI use must be verified,Ecommerce support; stack verification required,Personal data and product guidance risk,Free website chatbot audit,RESEARCHED,,,LEAD-072; Do not contact until person and fit are verified,NOT_BOOKED,NOT_INVITED,NOT_PAID
Heads Up For Tails,https://headsupfortails.com,,"Relevant founder, partnerships, product, or security leader",,,WORDPRESS_WOOCOMMERCE_PROSPECT,Public company website; contact and current AI use must be verified,Ecommerce support; stack verification required,Customer support privacy,Free website chatbot audit,RESEARCHED,,,LEAD-073; Do not contact until person and fit are verified,NOT_BOOKED,NOT_INVITED,NOT_PAID
The Souled Store,https://www.thesouledstore.com,,"Relevant founder, partnerships, product, or security leader",,,WORDPRESS_WOOCOMMERCE_PROSPECT,Public company website; contact and current AI use must be verified,Ecommerce support; stack verification required,Order data and support safety,Done-for-you chatbot security setup,RESEARCHED,,,LEAD-074; Do not contact until person and fit are verified,NOT_BOOKED,NOT_INVITED,NOT_PAID
Bewakoof,https://www.bewakoof.com,,"Relevant founder, partnerships, product, or security leader",,,WORDPRESS_WOOCOMMERCE_PROSPECT,Public company website; contact and current AI use must be verified,Ecommerce support; stack verification required,Chatbot privacy and unsafe responses,Free website chatbot audit,RESEARCHED,,,LEAD-075; Do not contact until person and fit are verified,NOT_BOOKED,NOT_INVITED,NOT_PAID
Chumbak,https://www.chumbak.com,,"Relevant founder, partnerships, product, or security leader",,,WORDPRESS_WOOCOMMERCE_PROSPECT,Public company website; contact and current AI use must be verified,Ecommerce support; stack verification required,Customer support data handling,Free website chatbot audit,RESEARCHED,,,LEAD-076; Do not contact until person and fit are verified,NOT_BOOKED,NOT_INVITED,NOT_PAID
Country Delight,https://countrydelight.in,,"Relevant founder, partnerships, product, or security leader",,,WORDPRESS_WOOCOMMERCE_PROSPECT,Public company website; contact and current AI use must be verified,Consumer support; stack verification required,Address and subscription data exposure,Done-for-you chatbot security setup,RESEARCHED,,,LEAD-077; Do not contact until person and fit are verified,NOT_BOOKED,NOT_INVITED,NOT_PAID
HealthKart,https://www.healthkart.com,,"Relevant founder, partnerships, product, or security leader",,,WORDPRESS_WOOCOMMERCE_PROSPECT,Public company website; contact and current AI use must be verified,Ecommerce support; stack verification required,Health-adjacent queries and PII risk,Free website chatbot audit,RESEARCHED,,,LEAD-078; Do not contact until person and fit are verified,NOT_BOOKED,NOT_INVITED,NOT_PAID
Curefoods,https://www.curefoods.in,,"Relevant founder, partnerships, product, or security leader",,,WORDPRESS_WOOCOMMERCE_PROSPECT,Public company website; contact and current AI use must be verified,Consumer support; stack verification required,Order data and unsafe automated answers,Free website chatbot audit,RESEARCHED,,,LEAD-079; Do not contact until person and fit are verified,NOT_BOOKED,NOT_INVITED,NOT_PAID
Mokobara,https://mokobara.com,,"Relevant founder, partnerships, product, or security leader",,,WORDPRESS_WOOCOMMERCE_PROSPECT,Public company website; contact and current AI use must be verified,Ecommerce support; stack verification required,Order support privacy and trust,Done-for-you chatbot security setup,RESEARCHED,,,LEAD-080; Do not contact until person and fit are verified,NOT_BOOKED,NOT_INVITED,NOT_PAID
Tata Consultancy Services,https://www.tcs.com,,"Relevant founder, partnerships, product, or security leader",,,ENTERPRISE_SECURITY_TEAM,Public company website; contact and current AI use must be verified,Enterprise AI/security team; use case verification required,"Audit logs, SIEM, tenant controls",14-day enterprise security pilot,RESEARCHED,,,LEAD-081; Do not contact until person and fit are verified,NOT_BOOKED,NOT_INVITED,NOT_PAID
Infosys,https://www.infosys.com,,"Relevant founder, partnerships, product, or security leader",,,ENTERPRISE_SECURITY_TEAM,Public company website; contact and current AI use must be verified,Enterprise AI/security team; use case verification required,AI delivery governance and evidence,14-day enterprise security pilot,RESEARCHED,,,LEAD-082; Do not contact until person and fit are verified,NOT_BOOKED,NOT_INVITED,NOT_PAID
Wipro,https://www.wipro.com,,"Relevant founder, partnerships, product, or security leader",,,ENTERPRISE_SECURITY_TEAM,Public company website; contact and current AI use must be verified,Enterprise AI/security team; use case verification required,Client AI security controls,14-day enterprise security pilot,RESEARCHED,,,LEAD-083; Do not contact until person and fit are verified,NOT_BOOKED,NOT_INVITED,NOT_PAID
HCLTech,https://www.hcltech.com,,"Relevant founder, partnerships, product, or security leader",,,ENTERPRISE_SECURITY_TEAM,Public company website; contact and current AI use must be verified,Enterprise AI/security team; use case verification required,Multi-tenant AI security evidence,14-day enterprise security pilot,RESEARCHED,,,LEAD-084; Do not contact until person and fit are verified,NOT_BOOKED,NOT_INVITED,NOT_PAID
Tech Mahindra,https://www.techmahindra.com,,"Relevant founder, partnerships, product, or security leader",,,ENTERPRISE_SECURITY_TEAM,Public company website; contact and current AI use must be verified,Enterprise AI/security team; use case verification required,Agent and chatbot security monitoring,14-day enterprise security pilot,RESEARCHED,,,LEAD-085; Do not contact until person and fit are verified,NOT_BOOKED,NOT_INVITED,NOT_PAID
LTIMindtree,https://www.ltimindtree.com,,"Relevant founder, partnerships, product, or security leader",,,ENTERPRISE_SECURITY_TEAM,Public company website; contact and current AI use must be verified,Enterprise AI/security team; use case verification required,AI delivery risk reporting,14-day enterprise security pilot,RESEARCHED,,,LEAD-086; Do not contact until person and fit are verified,NOT_BOOKED,NOT_INVITED,NOT_PAID
Accenture India,https://www.accenture.com/in-en,,"Relevant founder, partnerships, product, or security leader",,,ENTERPRISE_SECURITY_TEAM,Public company website; contact and current AI use must be verified,Enterprise AI/security team; use case verification required,Enterprise assistant governance,14-day enterprise security pilot,RESEARCHED,,,LEAD-087; Do not contact until person and fit are verified,NOT_BOOKED,NOT_INVITED,NOT_PAID
Deloitte India,https://www2.deloitte.com/in/en.html,,"Relevant founder, partnerships, product, or security leader",,,ENTERPRISE_SECURITY_TEAM,Public company website; contact and current AI use must be verified,Enterprise AI/security team; use case verification required,AI risk evidence and client delivery,14-day enterprise security pilot,RESEARCHED,,,LEAD-088; Do not contact until person and fit are verified,NOT_BOOKED,NOT_INVITED,NOT_PAID
EY India,https://www.ey.com/en_in,,"Relevant founder, partnerships, product, or security leader",,,ENTERPRISE_SECURITY_TEAM,Public company website; contact and current AI use must be verified,Enterprise AI/security team; use case verification required,AI transformation security controls,14-day enterprise security pilot,RESEARCHED,,,LEAD-089; Do not contact until person and fit are verified,NOT_BOOKED,NOT_INVITED,NOT_PAID
PwC India,https://www.pwc.in,,"Relevant founder, partnerships, product, or security leader",,,ENTERPRISE_SECURITY_TEAM,Public company website; contact and current AI use must be verified,Enterprise AI/security team; use case verification required,AI assurance workflow evidence,14-day enterprise security pilot,RESEARCHED,,,LEAD-090; Do not contact until person and fit are verified,NOT_BOOKED,NOT_INVITED,NOT_PAID
Reliance Jio,https://www.jio.com,,"Relevant founder, partnerships, product, or security leader",,,ENTERPRISE_SECURITY_TEAM,Public company website; contact and current AI use must be verified,Enterprise AI/security team; use case verification required,Large-scale chatbot monitoring,14-day enterprise security pilot,RESEARCHED,,,LEAD-091; Do not contact until person and fit are verified,NOT_BOOKED,NOT_INVITED,NOT_PAID
Bharti Airtel,https://www.airtel.in,,"Relevant founder, partnerships, product, or security leader",,,ENTERPRISE_SECURITY_TEAM,Public company website; contact and current AI use must be verified,Enterprise AI/security team; use case verification required,Customer assistant data and audit risk,14-day enterprise security pilot,RESEARCHED,,,LEAD-092; Do not contact until person and fit are verified,NOT_BOOKED,NOT_INVITED,NOT_PAID
HDFC Bank,https://www.hdfcbank.com,,"Relevant founder, partnerships, product, or security leader",,,ENTERPRISE_SECURITY_TEAM,Public company website; contact and current AI use must be verified,Enterprise AI/security team; use case verification required,"Financial PII, audit logs, SIEM",Scoped enterprise pilot,RESEARCHED,,,LEAD-093; Do not contact until person and fit are verified,NOT_BOOKED,NOT_INVITED,NOT_PAID
ICICI Bank,https://www.icicibank.com,,"Relevant founder, partnerships, product, or security leader",,,ENTERPRISE_SECURITY_TEAM,Public company website; contact and current AI use must be verified,Enterprise AI/security team; use case verification required,Financial assistant security evidence,Scoped enterprise pilot,RESEARCHED,,,LEAD-094; Do not contact until person and fit are verified,NOT_BOOKED,NOT_INVITED,NOT_PAID
Axis Bank,https://www.axisbank.com,,"Relevant founder, partnerships, product, or security leader",,,ENTERPRISE_SECURITY_TEAM,Public company website; contact and current AI use must be verified,Enterprise AI/security team; use case verification required,Financial PII and monitoring,Scoped enterprise pilot,RESEARCHED,,,LEAD-095; Do not contact until person and fit are verified,NOT_BOOKED,NOT_INVITED,NOT_PAID
Kotak Mahindra Bank,https://www.kotak.com,,"Relevant founder, partnerships, product, or security leader",,,ENTERPRISE_SECURITY_TEAM,Public company website; contact and current AI use must be verified,Enterprise AI/security team; use case verification required,Financial chatbot risk controls,Scoped enterprise pilot,RESEARCHED,,,LEAD-096; Do not contact until person and fit are verified,NOT_BOOKED,NOT_INVITED,NOT_PAID
Razorpay,https://razorpay.com,,"Relevant founder, partnerships, product, or security leader",,,ENTERPRISE_SECURITY_TEAM,Public company website; contact and current AI use must be verified,Enterprise AI/security team; use case verification required,Developer assistant and payment-data risk,14-day enterprise security pilot,RESEARCHED,,,LEAD-097; Do not contact until person and fit are verified,NOT_BOOKED,NOT_INVITED,NOT_PAID
PhonePe,https://www.phonepe.com,,"Relevant founder, partnerships, product, or security leader",,,ENTERPRISE_SECURITY_TEAM,Public company website; contact and current AI use must be verified,Enterprise AI/security team; use case verification required,Payment support data exposure,14-day enterprise security pilot,RESEARCHED,,,LEAD-098; Do not contact until person and fit are verified,NOT_BOOKED,NOT_INVITED,NOT_PAID
Paytm,https://paytm.com,,"Relevant founder, partnerships, product, or security leader",,,ENTERPRISE_SECURITY_TEAM,Public company website; contact and current AI use must be verified,Enterprise AI/security team; use case verification required,Financial support assistant safety,14-day enterprise security pilot,RESEARCHED,,,LEAD-099; Do not contact until person and fit are verified,NOT_BOOKED,NOT_INVITED,NOT_PAID
Flipkart,https://www.flipkart.com,,"Relevant founder, partnerships, product, or security leader",,,ENTERPRISE_SECURITY_TEAM,Public company website; contact and current AI use must be verified,Enterprise AI/security team; use case verification required,High-volume customer assistant controls,14-day enterprise security pilot,RESEARCHED,,,LEAD-100; Do not contact until person and fit are verified,NOT_BOOKED,NOT_INVITED,NOT_PAID

